start time,end time,price
1613317320000,1613317379999,48526.70000000
1613317380000,1613317439999,48443.56000000
1613317440000,1613317499999,48528.86000000
1613317500000,1613317559999,48512.19000000
1613317560000,1613317619999,48497.54000000
1613317620000,1613317679999,48510.08000000
1613317680000,1613317739999,48494.71000000
1613317740000,1613317799999,48494.85000000
1613317800000,1613317859999,48490.82000000
1613317860000,1613317919999,48490.79000000
1613317920000,1613317979999,48513.66000000
1613317980000,1613318039999,48486.35000000
1613318040000,1613318099999,48480.58000000
1613318100000,1613318159999,48379.74000000
1613318160000,1613318219999,48343.01000000
1613318220000,1613318279999,48349.94000000
1613318280000,1613318339999,48499.99000000
1613318340000,1613318399999,48541.18000000
1613318400000,1613318459999,48594.15000000
1613318460000,1613318519999,48663.95000000
1613318520000,1613318579999,48609.00000000
1613318580000,1613318639999,48437.22000000
1613318640000,1613318699999,48466.65000000
1613318700000,1613318759999,48558.86000000
1613318760000,1613318819999,48632.77000000
1613318820000,1613318879999,48519.05000000
1613318880000,1613318939999,48613.58000000
1613318940000,1613318999999,48596.35000000
1613319000000,1613319059999,48733.21000000
1613319060000,1613319119999,48696.09000000
1613319120000,1613319179999,48718.52000000
1613319180000,1613319239999,48700.40000000
1613319240000,1613319299999,48716.06000000
1613319300000,1613319359999,48669.13000000
1613319360000,1613319419999,48683.86000000
1613319420000,1613319479999,48749.98000000
1613319480000,1613319539999,48768.35000000
1613319540000,1613319599999,48812.77000000
1613319600000,1613319659999,48754.51000000
1613319660000,1613319719999,48770.49000000
1613319720000,1613319779999,48750.22000000
1613319780000,1613319839999,48696.54000000
1613319840000,1613319899999,48765.35000000
1613319900000,1613319959999,48731.69000000
1613319960000,1613320019999,48736.93000000
1613320020000,1613320079999,48720.02000000
1613320080000,1613320139999,48696.27000000
1613320140000,1613320199999,48711.19000000
1613320200000,1613320259999,48732.52000000
1613320260000,1613320319999,48734.37000000
1613320320000,1613320379999,48714.91000000
1613320380000,1613320439999,48789.99000000
1613320440000,1613320499999,48749.68000000
1613320500000,1613320559999,48743.93000000
1613320560000,1613320619999,48711.10000000
1613320620000,1613320679999,48748.25000000
1613320680000,1613320739999,48789.58000000
1613320740000,1613320799999,48810.31000000
1613320800000,1613320859999,48807.98000000
1613320860000,1613320919999,48790.90000000
1613320920000,1613320979999,48760.29000000
1613320980000,1613321039999,48781.63000000
1613321040000,1613321099999,48794.33000000
1613321100000,1613321159999,48784.34000000
1613321160000,1613321219999,48790.00000000
1613321220000,1613321279999,48793.85000000
1613321280000,1613321339999,48794.52000000
1613321340000,1613321399999,48833.00000000
1613321400000,1613321459999,48867.25000000
1613321460000,1613321519999,48872.51000000
1613321520000,1613321579999,48869.98000000
1613321580000,1613321639999,48845.10000000
1613321640000,1613321699999,48930.55000000
1613321700000,1613321759999,48904.96000000
1613321760000,1613321819999,49056.03000000
1613321820000,1613321879999,48986.63000000
1613321880000,1613321939999,48997.50000000
1613321940000,1613321999999,49006.74000000
1613322000000,1613322059999,48997.37000000
1613322060000,1613322119999,49009.99000000
1613322120000,1613322179999,49040.71000000
1613322180000,1613322239999,49018.21000000
1613322240000,1613322299999,48967.96000000
1613322300000,1613322359999,48880.00000000
1613322360000,1613322419999,48921.35000000
1613322420000,1613322479999,48915.69000000
1613322480000,1613322539999,48819.03000000
1613322540000,1613322599999,48877.23000000
1613322600000,1613322659999,48791.46000000
1613322660000,1613322719999,48825.54000000
1613322720000,1613322779999,48855.96000000
1613322780000,1613322839999,48908.24000000
1613322840000,1613322899999,48886.92000000
1613322900000,1613322959999,48815.33000000
1613322960000,1613323019999,48804.82000000
1613323020000,1613323079999,48832.14000000
1613323080000,1613323139999,48845.17000000
1613323140000,1613323199999,48839.77000000
1613323200000,1613323259999,48830.00000000
1613323260000,1613323319999,48865.80000000
1613323320000,1613323379999,48832.87000000
1613323380000,1613323439999,48868.01000000
1613323440000,1613323499999,48883.11000000
1613323500000,1613323559999,48971.00000000
1613323560000,1613323619999,48888.66000000
1613323620000,1613323679999,48846.66000000
1613323680000,1613323739999,48830.63000000
1613323740000,1613323799999,48935.76000000
1613323800000,1613323859999,48933.04000000
1613323860000,1613323919999,48880.91000000
1613323920000,1613323979999,48855.04000000
1613323980000,1613324039999,48882.83000000
1613324040000,1613324099999,48896.79000000
1613324100000,1613324159999,48837.12000000
1613324160000,1613324219999,48840.81000000
1613324220000,1613324279999,48881.11000000
1613324280000,1613324339999,48883.86000000
1613324340000,1613324399999,48880.18000000
1613324400000,1613324459999,48913.79000000
1613324460000,1613324519999,48880.96000000
1613324520000,1613324579999,48806.80000000
1613324580000,1613324639999,48870.97000000
1613324640000,1613324699999,48893.81000000
1613324700000,1613324759999,48908.08000000
1613324760000,1613324819999,48775.23000000
1613324820000,1613324879999,48752.99000000
1613324880000,1613324939999,48806.46000000
1613324940000,1613324999999,48841.06000000
1613325000000,1613325059999,48806.17000000
1613325060000,1613325119999,48745.61000000
1613325120000,1613325179999,48681.72000000
1613325180000,1613325239999,48712.01000000
1613325240000,1613325299999,48745.07000000
1613325300000,1613325359999,48747.57000000
1613325360000,1613325419999,48702.25000000
1613325420000,1613325479999,48690.00000000
1613325480000,1613325539999,48614.47000000
1613325540000,1613325599999,48619.19000000
1613325600000,1613325659999,48574.27000000
1613325660000,1613325719999,48652.72000000
1613325720000,1613325779999,48646.02000000
1613325780000,1613325839999,48674.86000000
1613325840000,1613325899999,48738.36000000
1613325900000,1613325959999,48714.50000000
1613325960000,1613326019999,48621.94000000
1613326020000,1613326079999,48688.88000000
1613326080000,1613326139999,48738.88000000
1613326140000,1613326199999,48787.27000000
1613326200000,1613326259999,48708.35000000
1613326260000,1613326319999,48659.99000000
1613326320000,1613326379999,48666.01000000
1613326380000,1613326439999,48728.80000000
1613326440000,1613326499999,48760.00000000
1613326500000,1613326559999,48730.05000000
1613326560000,1613326619999,48635.75000000
1613326620000,1613326679999,48656.27000000
1613326680000,1613326739999,48656.26000000
1613326740000,1613326799999,48702.91000000
1613326800000,1613326859999,48718.01000000
1613326860000,1613326919999,48697.57000000
1613326920000,1613326979999,48647.82000000
1613326980000,1613327039999,48674.07000000
1613327040000,1613327099999,48719.50000000
1613327100000,1613327159999,48805.45000000
1613327160000,1613327219999,48740.35000000
1613327220000,1613327279999,48689.40000000
1613327280000,1613327339999,48699.55000000
1613327340000,1613327399999,48732.15000000
1613327400000,1613327459999,48699.99000000
1613327460000,1613327519999,48646.02000000
1613327520000,1613327579999,48598.99000000
1613327580000,1613327639999,48600.96000000
1613327640000,1613327699999,48602.76000000
1613327700000,1613327759999,48683.79000000
1613327760000,1613327819999,48602.50000000
1613327820000,1613327879999,48525.39000000
1613327880000,1613327939999,48463.44000000
1613327940000,1613327999999,48445.52000000
1613328000000,1613328059999,48443.21000000
1613328060000,1613328119999,48451.81000000
1613328120000,1613328179999,48445.66000000
1613328180000,1613328239999,48422.00000000
1613328240000,1613328299999,48488.61000000
1613328300000,1613328359999,48463.26000000
1613328360000,1613328419999,48473.13000000
1613328420000,1613328479999,48504.57000000
1613328480000,1613328539999,48520.07000000
1613328540000,1613328599999,48649.90000000
1613328600000,1613328659999,48629.84000000
1613328660000,1613328719999,48626.58000000
1613328720000,1613328779999,48596.04000000
1613328780000,1613328839999,48604.25000000
1613328840000,1613328899999,48687.99000000
1613328900000,1613328959999,48669.46000000
1613328960000,1613329019999,48639.56000000
1613329020000,1613329079999,48680.91000000
1613329080000,1613329139999,48690.45000000
1613329140000,1613329199999,48739.99000000
1613329200000,1613329259999,48660.46000000
1613329260000,1613329319999,48672.69000000
1613329320000,1613329379999,48679.97000000
1613329380000,1613329439999,48691.49000000
1613329440000,1613329499999,48825.99000000
1613329500000,1613329559999,48851.77000000
1613329560000,1613329619999,48823.90000000
1613329620000,1613329679999,48794.08000000
1613329680000,1613329739999,48770.00000000
1613329740000,1613329799999,48844.52000000
1613329800000,1613329859999,48823.88000000
1613329860000,1613329919999,48801.74000000
1613329920000,1613329979999,48786.18000000
1613329980000,1613330039999,48802.45000000
1613330040000,1613330099999,48810.01000000
1613330100000,1613330159999,48800.16000000
1613330160000,1613330219999,48796.62000000
1613330220000,1613330279999,48763.56000000
1613330280000,1613330339999,48730.77000000
1613330340000,1613330399999,48753.41000000
1613330400000,1613330459999,48754.38000000
1613330460000,1613330519999,48733.79000000
1613330520000,1613330579999,48664.01000000
1613330580000,1613330639999,48669.58000000
1613330640000,1613330699999,48626.80000000
1613330700000,1613330759999,48621.34000000
1613330760000,1613330819999,48585.71000000
1613330820000,1613330879999,48545.22000000
1613330880000,1613330939999,48542.00000000
1613330940000,1613330999999,48516.51000000
1613331000000,1613331059999,48479.81000000
1613331060000,1613331119999,48513.72000000
1613331120000,1613331179999,48536.37000000
1613331180000,1613331239999,48560.41000000
1613331240000,1613331299999,48600.00000000
1613331300000,1613331359999,48580.02000000
1613331360000,1613331419999,48606.65000000
1613331420000,1613331479999,48636.95000000
1613331480000,1613331539999,48654.60000000
1613331540000,1613331599999,48687.89000000
1613331600000,1613331659999,48677.78000000
1613331660000,1613331719999,48623.01000000
1613331720000,1613331779999,48620.58000000
1613331780000,1613331839999,48619.75000000
1613331840000,1613331899999,48696.75000000
1613331900000,1613331959999,48718.97000000
1613331960000,1613332019999,48750.31000000
1613332020000,1613332079999,48828.50000000
1613332080000,1613332139999,48847.84000000
1613332140000,1613332199999,48895.87000000
1613332200000,1613332259999,48846.75000000
1613332260000,1613332319999,48799.99000000
1613332320000,1613332379999,48833.77000000
1613332380000,1613332439999,48819.99000000
1613332440000,1613332499999,48793.96000000
1613332500000,1613332559999,48763.60000000
1613332560000,1613332619999,48741.91000000
1613332620000,1613332679999,48696.85000000
1613332680000,1613332739999,48684.18000000
1613332740000,1613332799999,48693.39000000
1613332800000,1613332859999,48600.02000000
1613332860000,1613332919999,48650.36000000
1613332920000,1613332979999,48685.88000000
1613332980000,1613333039999,48823.40000000
1613333040000,1613333099999,48764.30000000
1613333100000,1613333159999,48849.40000000
1613333160000,1613333219999,48867.99000000
1613333220000,1613333279999,48881.38000000
1613333280000,1613333339999,48923.80000000
1613333340000,1613333399999,48950.28000000
1613333400000,1613333459999,48909.57000000
1613333460000,1613333519999,48886.98000000
1613333520000,1613333579999,48863.67000000
1613333580000,1613333639999,48842.51000000
1613333640000,1613333699999,48847.80000000
1613333700000,1613333759999,48895.42000000
1613333760000,1613333819999,48888.06000000
1613333820000,1613333879999,48835.28000000
1613333880000,1613333939999,48829.72000000
1613333940000,1613333999999,48832.39000000
1613334000000,1613334059999,48839.21000000
1613334060000,1613334119999,48791.29000000
1613334120000,1613334179999,48806.30000000
1613334180000,1613334239999,48807.68000000
1613334240000,1613334299999,48807.67000000
1613334300000,1613334359999,48775.94000000
1613334360000,1613334419999,48778.60000000
1613334420000,1613334479999,48777.30000000
1613334480000,1613334539999,48778.78000000
1613334540000,1613334599999,48781.44000000
1613334600000,1613334659999,48750.01000000
1613334660000,1613334719999,48773.54000000
1613334720000,1613334779999,48775.99000000
1613334780000,1613334839999,48800.45000000
1613334840000,1613334899999,48834.00000000
1613334900000,1613334959999,48905.00000000
1613334960000,1613335019999,48850.85000000
1613335020000,1613335079999,48858.80000000
1613335080000,1613335139999,48849.51000000
1613335140000,1613335199999,48907.37000000
1613335200000,1613335259999,48922.93000000
1613335260000,1613335319999,48891.95000000
1613335320000,1613335379999,48941.60000000
1613335380000,1613335439999,48960.00000000
1613335440000,1613335499999,48964.95000000
1613335500000,1613335559999,48995.47000000
1613335560000,1613335619999,48979.39000000
1613335620000,1613335679999,48935.78000000
1613335680000,1613335739999,48890.21000000
1613335740000,1613335799999,48919.08000000
1613335800000,1613335859999,48845.33000000
1613335860000,1613335919999,48887.58000000
1613335920000,1613335979999,48879.44000000
1613335980000,1613336039999,48885.03000000
1613336040000,1613336099999,48902.30000000
1613336100000,1613336159999,48907.09000000
1613336160000,1613336219999,48930.97000000
1613336220000,1613336279999,48948.77000000
1613336280000,1613336339999,48910.81000000
1613336340000,1613336399999,48929.50000000
1613336400000,1613336459999,48848.91000000
1613336460000,1613336519999,48809.55000000
1613336520000,1613336579999,48846.37000000
1613336580000,1613336639999,48823.13000000
1613336640000,1613336699999,48848.24000000
1613336700000,1613336759999,48806.70000000
1613336760000,1613336819999,48820.57000000
1613336820000,1613336879999,48807.71000000
1613336880000,1613336939999,48791.59000000
1613336940000,1613336999999,48790.32000000
1613337000000,1613337059999,48816.00000000
1613337060000,1613337119999,48851.63000000
1613337120000,1613337179999,48863.90000000
1613337180000,1613337239999,48880.31000000
1613337240000,1613337299999,48876.66000000
1613337300000,1613337359999,48880.17000000
1613337360000,1613337419999,48933.94000000
1613337420000,1613337479999,48973.81000000
1613337480000,1613337539999,49006.84000000
1613337540000,1613337599999,49041.66000000
1613337600000,1613337659999,48992.24000000
1613337660000,1613337719999,49000.00000000
1613337720000,1613337779999,49012.38000000
1613337780000,1613337839999,49049.21000000
1613337840000,1613337899999,49035.58000000
1613337900000,1613337959999,49012.55000000
1613337960000,1613338019999,49011.44000000
1613338020000,1613338079999,48979.77000000
1613338080000,1613338139999,48947.36000000
1613338140000,1613338199999,48966.72000000
1613338200000,1613338259999,48895.19000000
1613338260000,1613338319999,48883.95000000
1613338320000,1613338379999,48883.00000000
1613338380000,1613338439999,48898.87000000
1613338440000,1613338499999,48899.99000000
1613338500000,1613338559999,48880.98000000
1613338560000,1613338619999,48900.70000000
1613338620000,1613338679999,48884.18000000
1613338680000,1613338739999,48869.75000000
1613338740000,1613338799999,48843.91000000
1613338800000,1613338859999,48842.54000000
1613338860000,1613338919999,48874.46000000
1613338920000,1613338979999,48865.37000000
1613338980000,1613339039999,48884.96000000
1613339040000,1613339099999,48921.81000000
1613339100000,1613339159999,48890.78000000
1613339160000,1613339219999,48883.18000000
1613339220000,1613339279999,48883.70000000
1613339280000,1613339339999,48848.98000000
1613339340000,1613339399999,48860.27000000
1613339400000,1613339459999,48834.49000000
1613339460000,1613339519999,48830.67000000
1613339520000,1613339579999,48854.81000000
1613339580000,1613339639999,48895.41000000
1613339640000,1613339699999,48882.14000000
1613339700000,1613339759999,48861.87000000
1613339760000,1613339819999,48885.22000000
1613339820000,1613339879999,48861.72000000
1613339880000,1613339939999,48866.08000000
1613339940000,1613339999999,48822.66000000
1613340000000,1613340059999,48759.71000000
1613340060000,1613340119999,48736.73000000
1613340120000,1613340179999,48759.38000000
1613340180000,1613340239999,48811.15000000
1613340240000,1613340299999,48837.04000000
1613340300000,1613340359999,48860.01000000
1613340360000,1613340419999,48901.87000000
1613340420000,1613340479999,48898.08000000
1613340480000,1613340539999,48868.72000000
1613340540000,1613340599999,48868.05000000
1613340600000,1613340659999,48860.00000000
1613340660000,1613340719999,48867.67000000
1613340720000,1613340779999,48891.64000000
1613340780000,1613340839999,48886.59000000
1613340840000,1613340899999,48896.47000000
1613340900000,1613340959999,48931.14000000
1613340960000,1613341019999,48980.85000000
1613341020000,1613341079999,48964.23000000
1613341080000,1613341139999,49010.61000000
1613341140000,1613341199999,49021.72000000
1613341200000,1613341259999,49053.46000000
1613341260000,1613341319999,49090.01000000
1613341320000,1613341379999,49090.19000000
1613341380000,1613341439999,49113.98000000
1613341440000,1613341499999,49153.62000000
1613341500000,1613341559999,49178.99000000
1613341560000,1613341619999,49199.85000000
1613341620000,1613341679999,49213.77000000
1613341680000,1613341739999,49271.24000000
1613341740000,1613341799999,49211.95000000
1613341800000,1613341859999,49164.58000000
1613341860000,1613341919999,49154.33000000
1613341920000,1613341979999,49104.87000000
1613341980000,1613342039999,49146.40000000
1613342040000,1613342099999,49149.36000000
1613342100000,1613342159999,49155.57000000
1613342160000,1613342219999,49147.99000000
1613342220000,1613342279999,49155.57000000
1613342280000,1613342339999,49142.65000000
1613342340000,1613342399999,49125.81000000
1613342400000,1613342459999,49116.09000000
1613342460000,1613342519999,49146.82000000
1613342520000,1613342579999,49122.26000000
1613342580000,1613342639999,49087.02000000
1613342640000,1613342699999,49095.68000000
1613342700000,1613342759999,49080.93000000
1613342760000,1613342819999,49100.00000000
1613342820000,1613342879999,49164.34000000
1613342880000,1613342939999,49096.88000000
1613342940000,1613342999999,49110.97000000
1613343000000,1613343059999,49140.00000000
1613343060000,1613343119999,49100.00000000
1613343120000,1613343179999,49088.19000000
1613343180000,1613343239999,49054.50000000
1613343240000,1613343299999,49065.72000000
1613343300000,1613343359999,49066.35000000
1613343360000,1613343419999,49078.74000000
1613343420000,1613343479999,49068.32000000
1613343480000,1613343539999,49068.62000000
1613343540000,1613343599999,49012.94000000
1613343600000,1613343659999,48961.08000000
1613343660000,1613343719999,49000.03000000
1613343720000,1613343779999,49002.57000000
1613343780000,1613343839999,48972.87000000
1613343840000,1613343899999,48944.33000000
1613343900000,1613343959999,48941.21000000
1613343960000,1613344019999,48932.87000000
1613344020000,1613344079999,48979.98000000
1613344080000,1613344139999,48930.18000000
1613344140000,1613344199999,48925.72000000
1613344200000,1613344259999,48916.58000000
1613344260000,1613344319999,48888.69000000
1613344320000,1613344379999,48889.82000000
1613344380000,1613344439999,48935.66000000
1613344440000,1613344499999,48978.44000000
1613344500000,1613344559999,48949.08000000
1613344560000,1613344619999,48936.51000000
1613344620000,1613344679999,48917.24000000
1613344680000,1613344739999,48926.94000000
1613344740000,1613344799999,48932.61000000
1613344800000,1613344859999,48953.04000000
1613344860000,1613344919999,49032.01000000
1613344920000,1613344979999,49057.44000000
1613344980000,1613345039999,49017.93000000
1613345040000,1613345099999,48972.13000000
1613345100000,1613345159999,49023.69000000
1613345160000,1613345219999,49032.91000000
1613345220000,1613345279999,48989.31000000
1613345280000,1613345339999,48972.13000000
1613345340000,1613345399999,48957.64000000
1613345400000,1613345459999,48779.34000000
1613345460000,1613345519999,48694.14000000
1613345520000,1613345579999,48742.78000000
1613345580000,1613345639999,48701.46000000
1613345640000,1613345699999,48689.78000000
1613345700000,1613345759999,48574.90000000
1613345760000,1613345819999,48580.79000000
1613345820000,1613345879999,48642.39000000
1613345880000,1613345939999,48675.00000000
1613345940000,1613345999999,48700.36000000
1613346000000,1613346059999,48707.97000000
1613346060000,1613346119999,48729.36000000
1613346120000,1613346179999,48732.04000000
1613346180000,1613346239999,48785.75000000
1613346240000,1613346299999,48757.74000000
1613346300000,1613346359999,48715.84000000
1613346360000,1613346419999,48775.06000000
1613346420000,1613346479999,48763.09000000
1613346480000,1613346539999,48791.11000000
1613346540000,1613346599999,48767.21000000
1613346600000,1613346659999,48739.15000000
1613346660000,1613346719999,48750.91000000
1613346720000,1613346779999,48787.87000000
1613346780000,1613346839999,48665.72000000
1613346840000,1613346899999,48725.15000000
1613346900000,1613346959999,48719.98000000
1613346960000,1613347019999,48706.74000000
1613347020000,1613347079999,48700.00000000
1613347080000,1613347139999,48658.15000000
1613347140000,1613347199999,48577.79000000
1613347200000,1613347259999,48626.70000000
1613347260000,1613347319999,48751.78000000
1613347320000,1613347379999,48701.53000000
1613347380000,1613347439999,48687.90000000
1613347440000,1613347499999,48700.00000000
1613347500000,1613347559999,48689.75000000
1613347560000,1613347619999,48676.55000000
1613347620000,1613347679999,48717.97000000
1613347680000,1613347739999,48684.00000000
1613347740000,1613347799999,48577.56000000
1613347800000,1613347859999,48525.73000000
1613347860000,1613347919999,48625.59000000
1613347920000,1613347979999,48734.54000000
1613347980000,1613348039999,48661.25000000
1613348040000,1613348099999,48732.38000000
1613348100000,1613348159999,48658.47000000
1613348160000,1613348219999,48691.36000000
1613348220000,1613348279999,48737.05000000
1613348280000,1613348339999,48694.51000000
1613348340000,1613348399999,48704.94000000
1613348400000,1613348459999,48650.01000000
1613348460000,1613348519999,48682.93000000
1613348520000,1613348579999,48667.56000000
1613348580000,1613348639999,48681.51000000
1613348640000,1613348699999,48692.36000000
1613348700000,1613348759999,48668.80000000
1613348760000,1613348819999,48640.31000000
1613348820000,1613348879999,48666.70000000
1613348880000,1613348939999,48672.91000000
1613348940000,1613348999999,48654.40000000
1613349000000,1613349059999,48656.12000000
1613349060000,1613349119999,48654.49000000
1613349120000,1613349179999,48690.81000000
1613349180000,1613349239999,48747.74000000
1613349240000,1613349299999,48716.28000000
1613349300000,1613349359999,48657.30000000
1613349360000,1613349419999,48770.56000000
1613349420000,1613349479999,48996.20000000
1613349480000,1613349539999,48908.89000000
1613349540000,1613349599999,48884.15000000
1613349600000,1613349659999,48859.08000000
1613349660000,1613349719999,48825.24000000
1613349720000,1613349779999,48790.75000000
1613349780000,1613349839999,48845.07000000
1613349840000,1613349899999,48872.22000000
1613349900000,1613349959999,48836.08000000
1613349960000,1613350019999,48846.73000000
1613350020000,1613350079999,48899.98000000
1613350080000,1613350139999,48904.74000000
1613350140000,1613350199999,48862.57000000
1613350200000,1613350259999,48860.71000000
1613350260000,1613350319999,48827.46000000
1613350320000,1613350379999,48839.64000000
1613350380000,1613350439999,48855.98000000
1613350440000,1613350499999,48852.04000000
1613350500000,1613350559999,48838.57000000
1613350560000,1613350619999,48779.99000000
1613350620000,1613350679999,48816.50000000
1613350680000,1613350739999,48816.89000000
1613350740000,1613350799999,48763.62000000
1613350800000,1613350859999,48651.24000000
1613350860000,1613350919999,48724.48000000
1613350920000,1613350979999,48756.63000000
1613350980000,1613351039999,48790.61000000
1613351040000,1613351099999,48719.34000000
1613351100000,1613351159999,48716.96000000
1613351160000,1613351219999,48635.84000000
1613351220000,1613351279999,48641.98000000
1613351280000,1613351339999,48611.93000000
1613351340000,1613351399999,48504.20000000
1613351400000,1613351459999,48350.00000000
1613351460000,1613351519999,48432.16000000
1613351520000,1613351579999,48426.90000000
1613351580000,1613351639999,48366.88000000
1613351640000,1613351699999,48414.11000000
1613351700000,1613351759999,48324.65000000
1613351760000,1613351819999,48299.91000000
1613351820000,1613351879999,48265.70000000
1613351880000,1613351939999,48254.16000000
1613351940000,1613351999999,48201.00000000
1613352000000,1613352059999,48312.47000000
1613352060000,1613352119999,48288.25000000
1613352120000,1613352179999,48190.24000000
1613352180000,1613352239999,48159.00000000
1613352240000,1613352299999,48140.85000000
1613352300000,1613352359999,48284.19000000
1613352360000,1613352419999,48259.00000000
1613352420000,1613352479999,48264.09000000
1613352480000,1613352539999,48260.35000000
1613352540000,1613352599999,48233.04000000
1613352600000,1613352659999,48179.30000000
1613352660000,1613352719999,48187.92000000
1613352720000,1613352779999,48187.58000000
1613352780000,1613352839999,48074.50000000
1613352840000,1613352899999,48002.89000000
1613352900000,1613352959999,48040.79000000
1613352960000,1613353019999,47927.18000000
1613353020000,1613353079999,47709.01000000
1613353080000,1613353139999,47936.27000000
1613353140000,1613353199999,48041.85000000
1613353200000,1613353259999,48034.17000000
1613353260000,1613353319999,48038.75000000
1613353320000,1613353379999,48084.67000000
1613353380000,1613353439999,47966.60000000
1613353440000,1613353499999,47979.99000000
1613353500000,1613353559999,48083.47000000
1613353560000,1613353619999,48179.99000000
1613353620000,1613353679999,48141.99000000
1613353680000,1613353739999,48126.48000000
1613353740000,1613353799999,48087.74000000
1613353800000,1613353859999,48110.12000000
1613353860000,1613353919999,48141.57000000
1613353920000,1613353979999,48153.83000000
1613353980000,1613354039999,48170.62000000
1613354040000,1613354099999,48129.60000000
1613354100000,1613354159999,48078.64000000
1613354160000,1613354219999,48055.80000000
1613354220000,1613354279999,48107.12000000
1613354280000,1613354339999,48069.98000000
1613354340000,1613354399999,48011.44000000
1613354400000,1613354459999,47994.53000000
1613354460000,1613354519999,48072.87000000
1613354520000,1613354579999,48179.18000000
1613354580000,1613354639999,48175.85000000
1613354640000,1613354699999,48118.40000000
1613354700000,1613354759999,48144.35000000
1613354760000,1613354819999,48208.83000000
1613354820000,1613354879999,48150.00000000
1613354880000,1613354939999,48152.51000000
1613354940000,1613354999999,48083.09000000
1613355000000,1613355059999,47960.00000000
1613355060000,1613355119999,48053.01000000
1613355120000,1613355179999,47984.53000000
1613355180000,1613355239999,47841.85000000
1613355240000,1613355299999,47550.00000000
1613355300000,1613355359999,47167.45000000
1613355360000,1613355419999,47260.17000000
1613355420000,1613355479999,47337.43000000
1613355480000,1613355539999,47226.90000000
1613355540000,1613355599999,46760.00000000
1613355600000,1613355659999,46605.99000000
1613355660000,1613355719999,45852.15000000
1613355720000,1613355779999,45898.53000000
1613355780000,1613355839999,46307.94000000
1613355840000,1613355899999,46170.84000000
1613355900000,1613355959999,46509.35000000
1613355960000,1613356019999,46443.76000000
1613356020000,1613356079999,46324.22000000
1613356080000,1613356139999,46265.08000000
1613356140000,1613356199999,46359.53000000
1613356200000,1613356259999,46058.46000000
1613356260000,1613356319999,46213.27000000
1613356320000,1613356379999,46227.36000000
1613356380000,1613356439999,46198.23000000
1613356440000,1613356499999,46274.39000000
1613356500000,1613356559999,46520.98000000
1613356560000,1613356619999,46547.05000000
1613356620000,1613356679999,46660.73000000
1613356680000,1613356739999,46594.60000000
1613356740000,1613356799999,46695.54000000
1613356800000,1613356859999,46773.53000000
1613356860000,1613356919999,46767.46000000
1613356920000,1613356979999,46752.82000000
1613356980000,1613357039999,46656.01000000
1613357040000,1613357099999,46863.84000000
1613357100000,1613357159999,46813.45000000
1613357160000,1613357219999,46861.33000000
1613357220000,1613357279999,46945.89000000
1613357280000,1613357339999,47060.22000000
1613357340000,1613357399999,46999.47000000
1613357400000,1613357459999,46836.54000000
1613357460000,1613357519999,46942.91000000
1613357520000,1613357579999,46858.86000000
1613357580000,1613357639999,46893.01000000
1613357640000,1613357699999,47119.25000000
1613357700000,1613357759999,47018.44000000
1613357760000,1613357819999,46932.17000000
1613357820000,1613357879999,46972.27000000
1613357880000,1613357939999,46937.73000000
1613357940000,1613357999999,46874.02000000
1613358000000,1613358059999,46734.97000000
1613358060000,1613358119999,46772.53000000
1613358120000,1613358179999,46792.97000000
1613358180000,1613358239999,46776.63000000
1613358240000,1613358299999,46742.94000000
1613358300000,1613358359999,46609.81000000
1613358360000,1613358419999,46863.52000000
1613358420000,1613358479999,47023.90000000
1613358480000,1613358539999,47090.22000000
1613358540000,1613358599999,47134.65000000
1613358600000,1613358659999,47150.07000000
1613358660000,1613358719999,46986.91000000
1613358720000,1613358779999,47002.16000000
1613358780000,1613358839999,46957.49000000
1613358840000,1613358899999,46989.98000000
1613358900000,1613358959999,47006.10000000
1613358960000,1613359019999,46908.19000000
1613359020000,1613359079999,47026.93000000
1613359080000,1613359139999,47105.86000000
1613359140000,1613359199999,47036.10000000
1613359200000,1613359259999,47009.12000000
1613359260000,1613359319999,46990.73000000
1613359320000,1613359379999,47086.08000000
1613359380000,1613359439999,47070.41000000
1613359440000,1613359499999,47194.74000000
1613359500000,1613359559999,47202.93000000
1613359560000,1613359619999,47185.82000000
1613359620000,1613359679999,47215.90000000
1613359680000,1613359739999,47231.08000000
1613359740000,1613359799999,47230.01000000
1613359800000,1613359859999,47153.79000000
1613359860000,1613359919999,47205.21000000
1613359920000,1613359979999,47104.88000000
1613359980000,1613360039999,47157.01000000
1613360040000,1613360099999,47130.90000000
1613360100000,1613360159999,47037.43000000
1613360160000,1613360219999,47058.56000000
1613360220000,1613360279999,47008.03000000
1613360280000,1613360339999,47048.56000000
1613360340000,1613360399999,47047.30000000
1613360400000,1613360459999,47074.41000000
1613360460000,1613360519999,46990.24000000
1613360520000,1613360579999,46938.50000000
1613360580000,1613360639999,46885.27000000
1613360640000,1613360699999,46843.21000000
1613360700000,1613360759999,47091.78000000
1613360760000,1613360819999,47000.00000000
1613360820000,1613360879999,47055.76000000
1613360880000,1613360939999,47041.93000000
1613360940000,1613360999999,47031.78000000
1613361000000,1613361059999,47019.15000000
1613361060000,1613361119999,46986.81000000
1613361120000,1613361179999,46950.01000000
1613361180000,1613361239999,47005.20000000
1613361240000,1613361299999,47008.52000000
1613361300000,1613361359999,47001.24000000
1613361360000,1613361419999,47031.49000000
1613361420000,1613361479999,47121.08000000
1613361480000,1613361539999,47105.24000000
1613361540000,1613361599999,47120.30000000
1613361600000,1613361659999,47103.09000000
1613361660000,1613361719999,46924.50000000
1613361720000,1613361779999,46877.55000000
1613361780000,1613361839999,46808.31000000
1613361840000,1613361899999,46834.50000000
1613361900000,1613361959999,46920.90000000
1613361960000,1613362019999,46809.96000000
1613362020000,1613362079999,46833.77000000
1613362080000,1613362139999,46851.08000000
1613362140000,1613362199999,46785.15000000
1613362200000,1613362259999,46597.57000000
1613362260000,1613362319999,46707.66000000
1613362320000,1613362379999,46554.50000000
1613362380000,1613362439999,46546.39000000
1613362440000,1613362499999,46480.88000000
1613362500000,1613362559999,46627.74000000
1613362560000,1613362619999,46717.04000000
1613362620000,1613362679999,46682.60000000
1613362680000,1613362739999,46738.60000000
1613362740000,1613362799999,46718.37000000
1613362800000,1613362859999,46786.67000000
1613362860000,1613362919999,46711.03000000
1613362920000,1613362979999,46746.17000000
1613362980000,1613363039999,46825.67000000
1613363040000,1613363099999,46806.77000000
1613363100000,1613363159999,46759.55000000
1613363160000,1613363219999,46705.89000000
1613363220000,1613363279999,46732.66000000
1613363280000,1613363339999,46678.80000000
1613363340000,1613363399999,46649.79000000
1613363400000,1613363459999,46672.98000000
1613363460000,1613363519999,46550.60000000
1613363520000,1613363579999,46504.79000000
1613363580000,1613363639999,46532.94000000
1613363640000,1613363699999,46550.58000000
1613363700000,1613363759999,46586.03000000
1613363760000,1613363819999,46603.11000000
1613363820000,1613363879999,46550.02000000
1613363880000,1613363939999,46505.58000000
1613363940000,1613363999999,46529.75000000
1613364000000,1613364059999,46423.34000000
1613364060000,1613364119999,46370.68000000
1613364120000,1613364179999,46471.53000000
1613364180000,1613364239999,46572.09000000
1613364240000,1613364299999,46512.56000000
1613364300000,1613364359999,46710.51000000
1613364360000,1613364419999,46747.08000000
1613364420000,1613364479999,46806.18000000
1613364480000,1613364539999,46758.10000000
1613364540000,1613364599999,46859.22000000
1613364600000,1613364659999,46838.35000000
1613364660000,1613364719999,46806.48000000
1613364720000,1613364779999,46779.26000000
1613364780000,1613364839999,46789.98000000
1613364840000,1613364899999,46824.56000000
1613364900000,1613364959999,46879.26000000
1613364960000,1613365019999,46871.92000000
1613365020000,1613365079999,46872.27000000
1613365080000,1613365139999,46839.23000000
1613365140000,1613365199999,46866.57000000
1613365200000,1613365259999,46834.40000000
1613365260000,1613365319999,46815.22000000
1613365320000,1613365379999,46851.00000000
1613365380000,1613365439999,46850.97000000
1613365440000,1613365499999,46993.99000000
1613365500000,1613365559999,46769.33000000
1613365560000,1613365619999,46819.28000000
1613365620000,1613365679999,46806.47000000
1613365680000,1613365739999,46810.00000000
1613365740000,1613365799999,46804.40000000
1613365800000,1613365859999,46826.02000000
1613365860000,1613365919999,46926.38000000
1613365920000,1613365979999,46925.49000000
1613365980000,1613366039999,46866.74000000
1613366040000,1613366099999,46855.61000000
1613366100000,1613366159999,46829.99000000
1613366160000,1613366219999,46784.72000000
1613366220000,1613366279999,46801.56000000
1613366280000,1613366339999,46834.13000000
1613366340000,1613366399999,46830.31000000
1613366400000,1613366459999,46819.01000000
1613366460000,1613366519999,46801.71000000
1613366520000,1613366579999,46669.97000000
1613366580000,1613366639999,46773.13000000
1613366640000,1613366699999,46863.60000000
1613366700000,1613366759999,46781.99000000
1613366760000,1613366819999,46662.17000000
1613366820000,1613366879999,46706.92000000
1613366880000,1613366939999,46571.48000000
1613366940000,1613366999999,46568.72000000
1613367000000,1613367059999,46572.58000000
1613367060000,1613367119999,46518.97000000
1613367120000,1613367179999,46458.27000000
1613367180000,1613367239999,46417.22000000
1613367240000,1613367299999,46507.47000000
1613367300000,1613367359999,46519.82000000
1613367360000,1613367419999,46548.80000000
1613367420000,1613367479999,46606.90000000
1613367480000,1613367539999,46605.77000000
1613367540000,1613367599999,46584.45000000
1613367600000,1613367659999,46599.06000000
1613367660000,1613367719999,46593.04000000
1613367720000,1613367779999,46625.04000000
1613367780000,1613367839999,46671.99000000
1613367840000,1613367899999,46632.45000000
1613367900000,1613367959999,46582.16000000
1613367960000,1613368019999,46562.31000000
1613368020000,1613368079999,46530.91000000
1613368080000,1613368139999,46602.56000000
1613368140000,1613368199999,46600.47000000
1613368200000,1613368259999,46628.17000000
1613368260000,1613368319999,46641.07000000
1613368320000,1613368379999,46750.00000000
1613368380000,1613368439999,46664.75000000
1613368440000,1613368499999,46662.29000000
1613368500000,1613368559999,46793.48000000
1613368560000,1613368619999,46752.22000000
1613368620000,1613368679999,46735.65000000
1613368680000,1613368739999,46738.02000000
1613368740000,1613368799999,46722.49000000
1613368800000,1613368859999,46748.42000000
1613368860000,1613368919999,46798.64000000
1613368920000,1613368979999,46846.22000000
1613368980000,1613369039999,46825.20000000
1613369040000,1613369099999,46873.19000000
1613369100000,1613369159999,46866.09000000
1613369160000,1613369219999,46881.05000000
1613369220000,1613369279999,46900.00000000
1613369280000,1613369339999,46900.65000000
1613369340000,1613369399999,46918.31000000
1613369400000,1613369459999,46922.97000000
1613369460000,1613369519999,46904.79000000
1613369520000,1613369579999,46905.76000000
1613369580000,1613369639999,46933.65000000
1613369640000,1613369699999,46980.25000000
1613369700000,1613369759999,46974.42000000
1613369760000,1613369819999,46995.00000000
1613369820000,1613369879999,47077.66000000
1613369880000,1613369939999,47004.52000000
1613369940000,1613369999999,46959.23000000
1613370000000,1613370059999,46955.86000000
1613370060000,1613370119999,46938.95000000
1613370120000,1613370179999,46974.00000000
1613370180000,1613370239999,46987.64000000
1613370240000,1613370299999,47015.01000000
1613370300000,1613370359999,46961.73000000
1613370360000,1613370419999,47013.29000000
1613370420000,1613370479999,46960.11000000
1613370480000,1613370539999,47024.69000000
1613370540000,1613370599999,47020.00000000
1613370600000,1613370659999,46969.12000000
1613370660000,1613370719999,47018.42000000
1613370720000,1613370779999,47025.02000000
1613370780000,1613370839999,47101.13000000
1613370840000,1613370899999,47082.53000000
1613370900000,1613370959999,47017.65000000
1613370960000,1613371019999,47048.63000000
1613371020000,1613371079999,47019.99000000
1613371080000,1613371139999,47024.74000000
1613371140000,1613371199999,46971.36000000
1613371200000,1613371259999,46916.30000000
1613371260000,1613371319999,46930.97000000
1613371320000,1613371379999,46946.41000000
1613371380000,1613371439999,46891.48000000
1613371440000,1613371499999,46898.27000000
1613371500000,1613371559999,46961.47000000
1613371560000,1613371619999,46934.43000000
1613371620000,1613371679999,46937.60000000
1613371680000,1613371739999,46961.02000000
1613371740000,1613371799999,46987.65000000
1613371800000,1613371859999,47011.61000000
1613371860000,1613371919999,46976.27000000
1613371920000,1613371979999,47008.90000000
1613371980000,1613372039999,46995.85000000
1613372040000,1613372099999,46981.71000000
1613372100000,1613372159999,46985.29000000
1613372160000,1613372219999,47008.62000000
1613372220000,1613372279999,46988.44000000
1613372280000,1613372339999,46952.65000000
1613372340000,1613372399999,46887.36000000
1613372400000,1613372459999,46929.97000000
1613372460000,1613372519999,47000.04000000
1613372520000,1613372579999,47019.12000000
1613372580000,1613372639999,47037.53000000
1613372640000,1613372699999,47215.29000000
1613372700000,1613372759999,47244.39000000
1613372760000,1613372819999,47200.03000000
1613372820000,1613372879999,47227.91000000
1613372880000,1613372939999,47256.75000000
1613372940000,1613372999999,47330.13000000
1613373000000,1613373059999,47294.53000000
1613373060000,1613373119999,47259.24000000
1613373120000,1613373179999,47271.99000000
1613373180000,1613373239999,47274.99000000
1613373240000,1613373299999,47282.89000000
1613373300000,1613373359999,47229.43000000
1613373360000,1613373419999,47191.14000000
1613373420000,1613373479999,47208.38000000
1613373480000,1613373539999,47221.37000000
1613373540000,1613373599999,47202.38000000
1613373600000,1613373659999,47208.40000000
1613373660000,1613373719999,47189.62000000
1613373720000,1613373779999,47180.31000000
1613373780000,1613373839999,47218.19000000
1613373840000,1613373899999,47204.21000000
1613373900000,1613373959999,47204.99000000
1613373960000,1613374019999,47249.32000000
1613374020000,1613374079999,47349.05000000
1613374080000,1613374139999,47315.01000000
1613374140000,1613374199999,47264.26000000
1613374200000,1613374259999,47213.03000000
1613374260000,1613374319999,47269.26000000
1613374320000,1613374379999,47238.85000000
1613374380000,1613374439999,47243.66000000
1613374440000,1613374499999,47289.62000000
1613374500000,1613374559999,47263.08000000
1613374560000,1613374619999,47256.00000000
1613374620000,1613374679999,47270.79000000
1613374680000,1613374739999,47289.63000000
1613374740000,1613374799999,47359.31000000
1613374800000,1613374859999,47359.20000000
1613374860000,1613374919999,47300.82000000
1613374920000,1613374979999,47321.14000000
1613374980000,1613375039999,47291.44000000
1613375040000,1613375099999,47328.34000000
1613375100000,1613375159999,47330.02000000
1613375160000,1613375219999,47278.92000000
1613375220000,1613375279999,47249.75000000
1613375280000,1613375339999,47237.89000000
1613375340000,1613375399999,47256.61000000
1613375400000,1613375459999,47217.43000000
1613375460000,1613375519999,47265.30000000
1613375520000,1613375579999,47300.01000000
1613375580000,1613375639999,47282.15000000
1613375640000,1613375699999,47319.50000000
1613375700000,1613375759999,47308.97000000
1613375760000,1613375819999,47297.58000000
1613375820000,1613375879999,47297.90000000
1613375880000,1613375939999,47290.00000000
1613375940000,1613375999999,47267.06000000
1613376000000,1613376059999,47452.70000000
1613376060000,1613376119999,47410.69000000
1613376120000,1613376179999,47355.31000000
1613376180000,1613376239999,47294.99000000
1613376240000,1613376299999,47290.87000000
1613376300000,1613376359999,47283.29000000
1613376360000,1613376419999,47270.19000000
1613376420000,1613376479999,47233.15000000
1613376480000,1613376539999,47119.45000000
1613376540000,1613376599999,47196.25000000
1613376600000,1613376659999,47304.83000000
1613376660000,1613376719999,47266.52000000
1613376720000,1613376779999,47271.48000000
1613376780000,1613376839999,47276.58000000
1613376840000,1613376899999,47309.99000000
1613376900000,1613376959999,47390.20000000
1613376960000,1613377019999,47491.81000000
1613377020000,1613377079999,47475.23000000
1613377080000,1613377139999,47466.26000000
1613377140000,1613377199999,47449.99000000
1613377200000,1613377259999,47464.37000000
1613377260000,1613377319999,47475.25000000
1613377320000,1613377379999,47489.06000000
1613377380000,1613377439999,47517.47000000
1613377440000,1613377499999,47492.99000000
1613377500000,1613377559999,47454.14000000
1613377560000,1613377619999,47413.52000000
1613377620000,1613377679999,47416.49000000
1613377680000,1613377739999,47417.52000000
1613377740000,1613377799999,47436.29000000
1613377800000,1613377859999,47418.52000000
1613377860000,1613377919999,47480.01000000
1613377920000,1613377979999,47489.27000000
1613377980000,1613378039999,47498.85000000
1613378040000,1613378099999,47476.04000000
1613378100000,1613378159999,47480.57000000
1613378160000,1613378219999,47469.95000000
1613378220000,1613378279999,47489.14000000
1613378280000,1613378339999,47456.92000000
1613378340000,1613378399999,47487.22000000
1613378400000,1613378459999,47549.40000000
1613378460000,1613378519999,47514.66000000
1613378520000,1613378579999,47467.12000000
1613378580000,1613378639999,47439.08000000
1613378640000,1613378699999,47450.00000000
1613378700000,1613378759999,47462.75000000
1613378760000,1613378819999,47469.23000000
1613378820000,1613378879999,47455.01000000
1613378880000,1613378939999,47475.60000000
1613378940000,1613378999999,47460.64000000
1613379000000,1613379059999,47465.51000000
1613379060000,1613379119999,47491.73000000
1613379120000,1613379179999,47540.03000000
1613379180000,1613379239999,47559.60000000
1613379240000,1613379299999,47654.00000000
1613379300000,1613379359999,47728.46000000
1613379360000,1613379419999,47702.03000000
1613379420000,1613379479999,47635.50000000
1613379480000,1613379539999,47637.96000000
1613379540000,1613379599999,47599.99000000
1613379600000,1613379659999,47585.50000000
1613379660000,1613379719999,47537.32000000
1613379720000,1613379779999,47507.51000000
1613379780000,1613379839999,47519.61000000
1613379840000,1613379899999,47508.19000000
1613379900000,1613379959999,47523.78000000
1613379960000,1613380019999,47560.69000000
1613380020000,1613380079999,47554.81000000
1613380080000,1613380139999,47545.18000000
1613380140000,1613380199999,47582.37000000
1613380200000,1613380259999,47611.01000000
1613380260000,1613380319999,47600.01000000
1613380320000,1613380379999,47660.06000000
1613380380000,1613380439999,47714.76000000
1613380440000,1613380499999,47679.81000000
1613380500000,1613380559999,47612.99000000
1613380560000,1613380619999,47600.01000000
1613380620000,1613380679999,47592.86000000
1613380680000,1613380739999,47579.93000000
1613380740000,1613380799999,47512.25000000
1613380800000,1613380859999,47510.47000000
1613380860000,1613380919999,47505.30000000
1613380920000,1613380979999,47413.87000000
1613380980000,1613381039999,47499.97000000
1613381040000,1613381099999,47532.11000000
1613381100000,1613381159999,47545.70000000
1613381160000,1613381219999,47545.71000000
1613381220000,1613381279999,47551.66000000
1613381280000,1613381339999,47549.99000000
1613381340000,1613381399999,47571.34000000
1613381400000,1613381459999,47565.91000000
1613381460000,1613381519999,47570.67000000
1613381520000,1613381579999,47516.13000000
1613381580000,1613381639999,47545.43000000
1613381640000,1613381699999,47490.56000000
1613381700000,1613381759999,47500.44000000
1613381760000,1613381819999,47498.04000000
1613381820000,1613381879999,47400.02000000
1613381880000,1613381939999,47419.05000000
1613381940000,1613381999999,47222.68000000
1613382000000,1613382059999,47383.78000000
1613382060000,1613382119999,47447.99000000
1613382120000,1613382179999,47405.36000000
1613382180000,1613382239999,47432.97000000
1613382240000,1613382299999,47313.19000000
1613382300000,1613382359999,47397.29000000
1613382360000,1613382419999,47447.66000000
1613382420000,1613382479999,47419.78000000
1613382480000,1613382539999,47460.00000000
1613382540000,1613382599999,47428.04000000
1613382600000,1613382659999,47477.63000000
1613382660000,1613382719999,47456.61000000
1613382720000,1613382779999,47488.88000000
1613382780000,1613382839999,47527.69000000
1613382840000,1613382899999,47501.22000000
1613382900000,1613382959999,47546.39000000
1613382960000,1613383019999,47505.69000000
1613383020000,1613383079999,47549.68000000
1613383080000,1613383139999,47515.00000000
1613383140000,1613383199999,47505.66000000
1613383200000,1613383259999,47588.20000000
1613383260000,1613383319999,47560.76000000
1613383320000,1613383379999,47520.63000000
1613383380000,1613383439999,47475.45000000
1613383440000,1613383499999,47430.60000000
1613383500000,1613383559999,47404.77000000
1613383560000,1613383619999,47481.91000000
1613383620000,1613383679999,47432.12000000
1613383680000,1613383739999,47433.19000000
1613383740000,1613383799999,47395.44000000
1613383800000,1613383859999,47354.29000000
1613383860000,1613383919999,47381.35000000
1613383920000,1613383979999,47364.80000000
1613383980000,1613384039999,47342.80000000
1613384040000,1613384099999,47362.19000000
1613384100000,1613384159999,47410.21000000
1613384160000,1613384219999,47373.12000000
1613384220000,1613384279999,47355.97000000
1613384280000,1613384339999,47413.13000000
1613384340000,1613384399999,47425.64000000
1613384400000,1613384459999,47440.99000000
1613384460000,1613384519999,47561.32000000
1613384520000,1613384579999,47534.00000000
1613384580000,1613384639999,47485.99000000
1613384640000,1613384699999,47525.29000000
1613384700000,1613384759999,47575.44000000
1613384760000,1613384819999,47614.60000000
1613384820000,1613384879999,47579.13000000
1613384880000,1613384939999,47643.95000000
1613384940000,1613384999999,47587.83000000
1613385000000,1613385059999,47568.58000000
1613385060000,1613385119999,47501.25000000
1613385120000,1613385179999,47544.51000000
1613385180000,1613385239999,47629.99000000
1613385240000,1613385299999,47634.22000000
1613385300000,1613385359999,47557.52000000
1613385360000,1613385419999,47567.73000000
1613385420000,1613385479999,47589.83000000
1613385480000,1613385539999,47570.33000000
1613385540000,1613385599999,47562.25000000
1613385600000,1613385659999,47562.24000000
1613385660000,1613385719999,47510.24000000
1613385720000,1613385779999,47501.55000000
1613385780000,1613385839999,47497.14000000
1613385840000,1613385899999,47499.99000000
1613385900000,1613385959999,47519.07000000
1613385960000,1613386019999,47576.51000000
1613386020000,1613386079999,47526.22000000
1613386080000,1613386139999,47542.02000000
1613386140000,1613386199999,47480.01000000
1613386200000,1613386259999,47510.05000000
1613386260000,1613386319999,47501.73000000
1613386320000,1613386379999,47532.63000000
1613386380000,1613386439999,47520.79000000
1613386440000,1613386499999,47523.70000000
1613386500000,1613386559999,47729.68000000
1613386560000,1613386619999,47837.96000000
1613386620000,1613386679999,47815.22000000
1613386680000,1613386739999,47792.86000000
1613386740000,1613386799999,47849.99000000
1613386800000,1613386859999,47812.21000000
1613386860000,1613386919999,47781.65000000
1613386920000,1613386979999,47793.12000000
1613386980000,1613387039999,47784.78000000
1613387040000,1613387099999,47752.58000000
1613387100000,1613387159999,47750.36000000
1613387160000,1613387219999,47723.22000000
1613387220000,1613387279999,47692.90000000
1613387280000,1613387339999,47688.12000000
1613387340000,1613387399999,47708.57000000
1613387400000,1613387459999,47724.32000000
1613387460000,1613387519999,47732.20000000
1613387520000,1613387579999,47715.81000000
1613387580000,1613387639999,47717.01000000
1613387640000,1613387699999,47706.70000000
1613387700000,1613387759999,47683.14000000
1613387760000,1613387819999,47663.36000000
1613387820000,1613387879999,47649.49000000
1613387880000,1613387939999,47671.61000000
1613387940000,1613387999999,47659.78000000
1613388000000,1613388059999,47635.18000000
1613388060000,1613388119999,47661.49000000
1613388120000,1613388179999,47691.61000000
1613388180000,1613388239999,47670.73000000
1613388240000,1613388299999,47690.42000000
1613388300000,1613388359999,47713.61000000
1613388360000,1613388419999,47830.08000000
1613388420000,1613388479999,47889.99000000
1613388480000,1613388539999,47861.41000000
1613388540000,1613388599999,47962.32000000
1613388600000,1613388659999,47886.75000000
1613388660000,1613388719999,47874.06000000
1613388720000,1613388779999,47916.91000000
1613388780000,1613388839999,47906.30000000
1613388840000,1613388899999,47891.00000000
1613388900000,1613388959999,47830.59000000
1613388960000,1613389019999,47854.64000000
1613389020000,1613389079999,47859.93000000
1613389080000,1613389139999,47840.01000000
1613389140000,1613389199999,47827.90000000
1613389200000,1613389259999,47818.51000000
1613389260000,1613389319999,47825.02000000
1613389320000,1613389379999,47925.51000000
1613389380000,1613389439999,47872.67000000
1613389440000,1613389499999,47874.08000000
1613389500000,1613389559999,47876.61000000
1613389560000,1613389619999,47857.59000000
1613389620000,1613389679999,47864.88000000
1613389680000,1613389739999,47885.97000000
1613389740000,1613389799999,47894.44000000
1613389800000,1613389859999,47897.55000000
1613389860000,1613389919999,47925.21000000
1613389920000,1613389979999,47928.67000000
1613389980000,1613390039999,47946.25000000
1613390040000,1613390099999,47928.68000000
1613390100000,1613390159999,47873.36000000
1613390160000,1613390219999,47839.57000000
1613390220000,1613390279999,47813.81000000
1613390280000,1613390339999,47809.18000000
1613390340000,1613390399999,47802.66000000
1613390400000,1613390459999,47674.65000000
1613390460000,1613390519999,47744.50000000
1613390520000,1613390579999,47780.74000000
1613390580000,1613390639999,47831.72000000
1613390640000,1613390699999,47790.01000000
1613390700000,1613390759999,47806.00000000
1613390760000,1613390819999,47825.96000000
1613390820000,1613390879999,47827.36000000
1613390880000,1613390939999,47800.85000000
1613390940000,1613390999999,47793.55000000
1613391000000,1613391059999,47632.85000000
1613391060000,1613391119999,47652.35000000
1613391120000,1613391179999,47610.35000000
1613391180000,1613391239999,47573.90000000
1613391240000,1613391299999,47625.89000000
1613391300000,1613391359999,47587.46000000
1613391360000,1613391419999,47575.00000000
1613391420000,1613391479999,47581.14000000
1613391480000,1613391539999,47599.78000000
1613391540000,1613391599999,47640.83000000
1613391600000,1613391659999,47672.40000000
1613391660000,1613391719999,47640.28000000
1613391720000,1613391779999,47638.28000000
1613391780000,1613391839999,47629.72000000
1613391840000,1613391899999,47633.61000000
1613391900000,1613391959999,47636.10000000
1613391960000,1613392019999,47638.44000000
1613392020000,1613392079999,47640.00000000
1613392080000,1613392139999,47677.69000000
1613392140000,1613392199999,47675.12000000
1613392200000,1613392259999,47584.03000000
1613392260000,1613392319999,47559.60000000
1613392320000,1613392379999,47610.82000000
1613392380000,1613392439999,47534.85000000
1613392440000,1613392499999,47505.99000000
1613392500000,1613392559999,47556.51000000
1613392560000,1613392619999,47541.64000000
1613392620000,1613392679999,47574.30000000
1613392680000,1613392739999,47556.83000000
1613392740000,1613392799999,47558.43000000
1613392800000,1613392859999,47560.00000000
1613392860000,1613392919999,47556.75000000
1613392920000,1613392979999,47541.59000000
1613392980000,1613393039999,47532.85000000
1613393040000,1613393099999,47599.60000000
1613393100000,1613393159999,47588.33000000
1613393160000,1613393219999,47636.66000000
1613393220000,1613393279999,47616.30000000
1613393280000,1613393339999,47649.85000000
1613393340000,1613393399999,47617.14000000
1613393400000,1613393459999,47669.53000000
1613393460000,1613393519999,47711.00000000
1613393520000,1613393579999,47767.32000000
1613393580000,1613393639999,47903.20000000
1613393640000,1613393699999,47929.01000000
1613393700000,1613393759999,47992.54000000
1613393760000,1613393819999,47994.99000000
1613393820000,1613393879999,47971.01000000
1613393880000,1613393939999,47969.02000000
1613393940000,1613393999999,47951.01000000
1613394000000,1613394059999,48030.90000000
1613394060000,1613394119999,47980.11000000
1613394120000,1613394179999,48020.37000000
1613394180000,1613394239999,48019.38000000
1613394240000,1613394299999,48052.30000000
1613394300000,1613394359999,48027.15000000
1613394360000,1613394419999,47995.16000000
1613394420000,1613394479999,48015.01000000
1613394480000,1613394539999,48007.66000000
1613394540000,1613394599999,48005.65000000
1613394600000,1613394659999,47993.87000000
1613394660000,1613394719999,47992.50000000
1613394720000,1613394779999,47990.78000000
1613394780000,1613394839999,48029.41000000
1613394840000,1613394899999,48205.01000000
1613394900000,1613394959999,48120.70000000
1613394960000,1613395019999,48179.64000000
1613395020000,1613395079999,48126.58000000
1613395080000,1613395139999,48114.40000000
1613395140000,1613395199999,48145.71000000
1613395200000,1613395259999,48084.94000000
1613395260000,1613395319999,48072.89000000
1613395320000,1613395379999,48062.63000000
1613395380000,1613395439999,48031.34000000
1613395440000,1613395499999,48067.75000000
1613395500000,1613395559999,48041.89000000
1613395560000,1613395619999,48040.60000000
1613395620000,1613395679999,48017.17000000
1613395680000,1613395739999,48014.71000000
1613395740000,1613395799999,48049.99000000
1613395800000,1613395859999,47963.91000000
1613395860000,1613395919999,47911.15000000
1613395920000,1613395979999,47971.19000000
1613395980000,1613396039999,47908.64000000
1613396040000,1613396099999,47921.17000000
1613396100000,1613396159999,47856.26000000
1613396160000,1613396219999,47904.58000000
1613396220000,1613396279999,47892.03000000
1613396280000,1613396339999,47949.99000000
1613396340000,1613396399999,47885.84000000
1613396400000,1613396459999,47934.78000000
1613396460000,1613396519999,47969.43000000
1613396520000,1613396579999,47978.07000000
1613396580000,1613396639999,48058.44000000
1613396640000,1613396699999,48042.54000000
1613396700000,1613396759999,47965.83000000
1613396760000,1613396819999,47942.72000000
1613396820000,1613396879999,47914.92000000
1613396880000,1613396939999,47944.33000000
1613396940000,1613396999999,47942.53000000
1613397000000,1613397059999,47966.58000000
1613397060000,1613397119999,47922.78000000
1613397120000,1613397179999,47943.60000000
1613397180000,1613397239999,47959.99000000
1613397240000,1613397299999,47930.00000000
1613397300000,1613397359999,47942.60000000
1613397360000,1613397419999,47900.00000000
1613397420000,1613397479999,47954.48000000
1613397480000,1613397539999,47970.02000000
1613397540000,1613397599999,47960.73000000
1613397600000,1613397659999,48071.89000000
1613397660000,1613397719999,48100.00000000
1613397720000,1613397779999,48027.07000000
1613397780000,1613397839999,48036.99000000
1613397840000,1613397899999,48005.83000000
1613397900000,1613397959999,48043.45000000
1613397960000,1613398019999,48075.46000000
1613398020000,1613398079999,48050.01000000
1613398080000,1613398139999,48090.13000000
1613398140000,1613398199999,48116.40000000
1613398200000,1613398259999,48112.23000000
1613398260000,1613398319999,48073.31000000
1613398320000,1613398379999,48069.73000000
1613398380000,1613398439999,48050.61000000
1613398440000,1613398499999,47950.00000000
1613398500000,1613398559999,47957.52000000
1613398560000,1613398619999,47859.27000000
1613398620000,1613398679999,47784.73000000
1613398680000,1613398739999,47836.37000000
1613398740000,1613398799999,47839.98000000
1613398800000,1613398859999,47844.98000000
1613398860000,1613398919999,47855.81000000
1613398920000,1613398979999,47867.07000000
1613398980000,1613399039999,47877.02000000
1613399040000,1613399099999,47891.16000000
1613399100000,1613399159999,47889.20000000
1613399160000,1613399219999,47780.53000000
1613399220000,1613399279999,47799.91000000
1613399280000,1613399339999,47814.20000000
1613399340000,1613399399999,47829.99000000
1613399400000,1613399459999,47830.02000000
1613399460000,1613399519999,47826.23000000
1613399520000,1613399579999,47802.94000000
1613399580000,1613399639999,47784.87000000
1613399640000,1613399699999,47681.52000000
1613399700000,1613399759999,47734.90000000
1613399760000,1613399819999,47797.91000000
1613399820000,1613399879999,47733.82000000
1613399880000,1613399939999,47650.05000000
1613399940000,1613399999999,47713.32000000
1613400000000,1613400059999,47654.90000000
1613400060000,1613400119999,47702.94000000
1613400120000,1613400179999,47704.97000000
1613400180000,1613400239999,47715.28000000
1613400240000,1613400299999,47722.01000000
1613400300000,1613400359999,47764.24000000
1613400360000,1613400419999,47754.50000000
1613400420000,1613400479999,47782.92000000
1613400480000,1613400539999,47728.34000000
1613400540000,1613400599999,47758.49000000
1613400600000,1613400659999,47774.77000000
1613400660000,1613400719999,47777.99000000
1613400720000,1613400779999,47766.90000000
1613400780000,1613400839999,47782.55000000
1613400840000,1613400899999,47788.39000000
1613400900000,1613400959999,47662.24000000
1613400960000,1613401019999,47685.68000000
1613401020000,1613401079999,47680.00000000
1613401080000,1613401139999,47651.29000000
1613401140000,1613401199999,47564.16000000
1613401200000,1613401259999,47693.28000000
1613401260000,1613401319999,47653.02000000
1613401320000,1613401379999,47635.44000000
1613401380000,1613401439999,47650.00000000
1613401440000,1613401499999,47786.38000000
1613401500000,1613401559999,47790.46000000
1613401560000,1613401619999,47719.73000000
1613401620000,1613401679999,47721.99000000
1613401680000,1613401739999,47753.28000000
1613401740000,1613401799999,47757.08000000
1613401800000,1613401859999,47779.40000000
1613401860000,1613401919999,47713.66000000
1613401920000,1613401979999,47719.90000000
1613401980000,1613402039999,47749.48000000
1613402040000,1613402099999,47734.85000000
1613402100000,1613402159999,47782.04000000
1613402160000,1613402219999,47737.93000000
1613402220000,1613402279999,47623.88000000
1613402280000,1613402339999,47788.53000000
1613402340000,1613402399999,47780.24000000
1613402400000,1613402459999,47790.41000000
1613402460000,1613402519999,47746.51000000
1613402520000,1613402579999,47762.82000000
1613402580000,1613402639999,47814.50000000
1613402640000,1613402699999,47766.00000000
1613402700000,1613402759999,47804.24000000
1613402760000,1613402819999,47780.20000000
1613402820000,1613402879999,47751.92000000
1613402880000,1613402939999,47810.91000000
1613402940000,1613402999999,47813.98000000
1613403000000,1613403059999,47785.79000000
1613403060000,1613403119999,47775.03000000
1613403120000,1613403179999,47834.73000000
1613403180000,1613403239999,47788.59000000
1613403240000,1613403299999,47810.65000000
1613403300000,1613403359999,47798.16000000
1613403360000,1613403419999,47804.19000000
1613403420000,1613403479999,47788.46000000
1613403480000,1613403539999,47793.79000000
1613403540000,1613403599999,47806.80000000
1613403600000,1613403659999,47802.45000000
1613403660000,1613403719999,47815.20000000
1613403720000,1613403779999,47818.50000000
1613403720000,1613403779999,47818.50000000
1613403780000,1613403839999,47873.22000000
1613403840000,1613403899999,47911.19000000
1613403900000,1613403959999,47903.89000000
1613403960000,1613404019999,47859.85000000
1613404020000,1613404079999,47900.00000000
1613404080000,1613404139999,47899.05000000
1613404140000,1613404199999,47925.01000000
1613404200000,1613404259999,47910.43000000
1613404260000,1613404319999,47938.73000000
1613404320000,1613404379999,47941.93000000
1613404380000,1613404439999,47909.59000000
1613404440000,1613404499999,47913.30000000
1613404500000,1613404559999,47964.93000000
1613404560000,1613404619999,47971.39000000
1613404620000,1613404679999,47957.70000000
1613404680000,1613404739999,47950.02000000
1613404740000,1613404799999,47938.83000000
1613404800000,1613404859999,48014.91000000
1613404860000,1613404919999,48037.55000000
1613404920000,1613404979999,48063.88000000
1613404980000,1613405039999,48138.86000000
1613405040000,1613405099999,48122.68000000
1613405100000,1613405159999,48092.46000000
1613405160000,1613405219999,48099.96000000
1613405220000,1613405279999,48151.04000000
1613405280000,1613405339999,48140.50000000
1613405340000,1613405399999,48169.68000000
1613405400000,1613405459999,48130.46000000
1613405460000,1613405519999,48125.44000000
